[{
  "_id": {
    "$oid": "64228c1ed520a6d3af733948"
  },
  "id": "1",
  "dice 1": "4",
  "dice 2": "6",
  "result": "LOST",
  "user_id": "1\r"
},{
  "_id": {
    "$oid": "64228c1ed520a6d3af733949"
  },
  "id": "2",
  "dice 1": "3",
  "dice 2": "1",
  "result": "LOST",
  "user_id": "1\r"
},{
  "_id": {
    "$oid": "64228c1ed520a6d3af73394a"
  },
  "id": "3",
  "dice 1": "3",
  "dice 2": "2",
  "result": "LOST",
  "user_id": "1\r"
},{
  "_id": {
    "$oid": "64228c1ed520a6d3af73394b"
  },
  "id": "4",
  "dice 1": "4",
  "dice 2": "2",
  "result": "LOST",
  "user_id": "1\r"
},{
  "_id": {
    "$oid": "64228c1ed520a6d3af73394c"
  },
  "id": "5",
  "dice 1": "3",
  "dice 2": "5",
  "result": "LOST",
  "user_id": "1\r"
},{
  "_id": {
    "$oid": "64228c1ed520a6d3af73394d"
  },
  "id": "6",
  "dice 1": "5",
  "dice 2": "1",
  "result": "LOST",
  "user_id": "1\r"
},{
  "_id": {
    "$oid": "64228c1ed520a6d3af73394e"
  },
  "id": "7",
  "dice 1": "5",
  "dice 2": "2",
  "result": "WIN",
  "user_id": "2\r"
},{
  "_id": {
    "$oid": "64228c1ed520a6d3af73394f"
  },
  "id": "8",
  "dice 1": "2",
  "dice 2": "3",
  "result": "LOST",
  "user_id": "2\r"
},{
  "_id": {
    "$oid": "64228c1ed520a6d3af733950"
  },
  "id": "9",
  "dice 1": "1",
  "dice 2": "1",
  "result": "LOST",
  "user_id": "2\r"
},{
  "_id": {
    "$oid": "64228c1ed520a6d3af733951"
  },
  "id": "10",
  "dice 1": "3",
  "dice 2": "1",
  "result": "LOST",
  "user_id": "2\r"
},{
  "_id": {
    "$oid": "64228c1ed520a6d3af733952"
  },
  "id": "11",
  "dice 1": "5",
  "dice 2": "3",
  "result": "LOST",
  "user_id": "2\r"
},{
  "_id": {
    "$oid": "64228c1ed520a6d3af733953"
  },
  "id": "12",
  "dice 1": "4",
  "dice 2": "3",
  "result": "WIN",
  "user_id": "3\r"
},{
  "_id": {
    "$oid": "64228c1ed520a6d3af733954"
  },
  "id": "13",
  "dice 1": "3",
  "dice 2": "6",
  "result": "LOST",
  "user_id": "3\r"
},{
  "_id": {
    "$oid": "64228c1ed520a6d3af733955"
  },
  "id": "14",
  "dice 1": "6",
  "dice 2": "4",
  "result": "LOST",
  "user_id": "3\r"
},{
  "_id": {
    "$oid": "64228c1ed520a6d3af733956"
  },
  "id": "15",
  "dice 1": "1",
  "dice 2": "4",
  "result": "LOST",
  "user_id": "3\r"
},{
  "_id": {
    "$oid": "64228c1ed520a6d3af733957"
  },
  "id": "16",
  "dice 1": "4",
  "dice 2": "4",
  "result": "LOST",
  "user_id": "3\r"
},{
  "_id": {
    "$oid": "64228c1ed520a6d3af733958"
  },
  "id": "17",
  "dice 1": "4",
  "dice 2": "1",
  "result": "LOST",
  "user_id": "3\r"
},{
  "_id": {
    "$oid": "64228c1ed520a6d3af733959"
  },
  "id": "18",
  "dice 1": "1",
  "dice 2": "5",
  "result": "LOST",
  "user_id": "3\r"
},{
  "_id": {
    "$oid": "64228c1ed520a6d3af73395a"
  },
  "id": "19",
  "dice 1": "4",
  "dice 2": "4",
  "result": "LOST",
  "user_id": "3\r"
},{
  "_id": {
    "$oid": "64228c1ed520a6d3af73395b"
  },
  "id": "20",
  "dice 1": "5",
  "dice 2": "5",
  "result": "LOST",
  "user_id": "4\r"
},{
  "_id": {
    "$oid": "64228c1ed520a6d3af73395c"
  },
  "id": "21",
  "dice 1": "3",
  "dice 2": "5",
  "result": "LOST",
  "user_id": "4\r"
},{
  "_id": {
    "$oid": "64228c1ed520a6d3af73395d"
  },
  "id": "22",
  "dice 1": "2",
  "dice 2": "6",
  "result": "LOST",
  "user_id": "4\r"
},{
  "_id": {
    "$oid": "64228c1ed520a6d3af73395e"
  },
  "id": "23",
  "dice 1": "5",
  "dice 2": "5",
  "result": "LOST",
  "user_id": "4\r"
},{
  "_id": {
    "$oid": "64228c1ed520a6d3af73395f"
  },
  "id": "24",
  "dice 1": "3",
  "dice 2": "5",
  "result": "LOST",
  "user_id": "4\r"
},{
  "_id": {
    "$oid": "64228c1ed520a6d3af733960"
  },
  "id": "25",
  "dice 1": "6",
  "dice 2": "1",
  "result": "WIN",
  "user_id": "4\r"
},{
  "_id": {
    "$oid": "64228c1ed520a6d3af733961"
  },
  "id": "26",
  "dice 1": "4",
  "dice 2": "3",
  "result": "WIN",
  "user_id": "4\r"
},{
  "_id": {
    "$oid": "64228c1ed520a6d3af733962"
  },
  "id": "27",
  "dice 1": "5",
  "dice 2": "1",
  "result": "LOST",
  "user_id": "4\r"
},{
  "_id": {
    "$oid": "64228c1ed520a6d3af733963"
  },
  "id": "28",
  "dice 1": "5",
  "dice 2": "2",
  "result": "WIN",
  "user_id": "4\r"
},{
  "_id": {
    "$oid": "64228c1ed520a6d3af733964"
  },
  "id": "29",
  "dice 1": "4",
  "dice 2": "5",
  "result": "LOST",
  "user_id": "4\r"
},{
  "_id": {
    "$oid": "64228c1ed520a6d3af733965"
  },
  "id": "30",
  "dice 1": "5",
  "dice 2": "6",
  "result": "LOST",
  "user_id": "4\r"
},{
  "_id": {
    "$oid": "64228c1ed520a6d3af733966"
  },
  "id": "31",
  "dice 1": "1",
  "dice 2": "3",
  "result": "LOST",
  "user_id": "4\r"
},{
  "_id": {
    "$oid": "64228c1ed520a6d3af733967"
  },
  "id": "32",
  "dice 1": "2",
  "dice 2": "1",
  "result": "LOST",
  "user_id": "5\r"
},{
  "_id": {
    "$oid": "64228c1ed520a6d3af733968"
  },
  "id": "33",
  "dice 1": "6",
  "dice 2": "5",
  "result": "LOST",
  "user_id": "5\r"
},{
  "_id": {
    "$oid": "64228c1ed520a6d3af733969"
  },
  "id": "34",
  "dice 1": "1",
  "dice 2": "6",
  "result": "WIN",
  "user_id": "5\r"
},{
  "_id": {
    "$oid": "64228c1ed520a6d3af73396a"
  },
  "id": "35",
  "dice 1": "5",
  "dice 2": "4",
  "result": "LOST",
  "user_id": "5\r"
},{
  "_id": {
    "$oid": "64228c1ed520a6d3af73396b"
  },
  "id": "36",
  "dice 1": "3",
  "dice 2": "1",
  "result": "LOST",
  "user_id": "5\r"
},{
  "_id": {
    "$oid": "64228c1ed520a6d3af73396c"
  },
  "id": "37",
  "dice 1": "5",
  "dice 2": "2",
  "result": "WIN",
  "user_id": "5\r"
}]