[{
  "_id": {
    "$oid": "64228c11d520a6d3af733942"
  },
  "id": "1",
  "% wins": "0",
  "register date": "2023-03-28",
  "username": "carlota"
},{
  "_id": {
    "$oid": "64228c11d520a6d3af733943"
  },
  "id": "2",
  "% wins": "20",
  "register date": "2023-03-28",
  "username": "biel"
},{
  "_id": {
    "$oid": "64228c11d520a6d3af733944"
  },
  "id": "3",
  "% wins": "12",
  "register date": "2023-03-28",
  "username": "sara"
},{
  "_id": {
    "$oid": "64228c11d520a6d3af733945"
  },
  "id": "4",
  "% wins": "25",
  "register date": "2023-03-28",
  "username": "xavi"
},{
  "_id": {
    "$oid": "64228c11d520a6d3af733946"
  },
  "id": "5",
  "% wins": "0",
  "register date": "2023-03-28",
  "username": "pud"
}]